IOC, Valid From, Valid Until, Link
canflymarketing.com,2026-08-29T00:00:00Z,2026-12-13T00:00:00Z,https://app.sekoia.io/intelligence/public/objects/indicator--801b99df-c0c5-44ca-81c7-e998e0257f49
primemarkets360.com,2026-08-29T00:00:00Z,2026-12-13T00:00:00Z,https://app.sekoia.io/intelligence/public/objects/indicator--1629eb9e-33fc-444e-b69c-f1d1a6585118
connorkimble.com,2026-08-20T00:00:00Z,2027-02-16T00:00:00Z,https://app.sekoia.io/intelligence/public/objects/indicator--586db6f8-d7ab-4b20-8d2b-d81433737f43
golfcoursetravel.com,2026-08-29T00:00:00Z,2026-12-13T00:00:00Z,https://app.sekoia.io/intelligence/public/objects/indicator--53fcad4a-a383-4c4a-9810-a747be052188
sanremomodauomo.com,2026-08-30T00:00:00Z,2026-12-18T00:00:00Z,https://app.sekoia.io/intelligence/public/objects/indicator--a5657670-26b7-495e-a87e-3de42918b024
josephtoone.com,2026-08-20T00:00:00Z,2027-02-16T00:00:00Z,https://app.sekoia.io/intelligence/public/objects/indicator--1837d404-64a5-4f07-b32c-fa7d7f40829e
nanakshahicoin.com,2026-08-20T00:00:00Z,2027-02-16T00:00:00Z,https://app.sekoia.io/intelligence/public/objects/indicator--a5906dc4-9ee9-4e09-b845-4ea7a21bb338
locoaudio.com,2026-08-20T00:00:00Z,2027-02-16T00:00:00Z,https://app.sekoia.io/intelligence/public/objects/indicator--bfb82685-904d-4120-a208-2f968e632488
hestiamortgages.com,2026-08-29T00:00:00Z,2026-12-15T00:00:00Z,https://app.sekoia.io/intelligence/public/objects/indicator--3108a4ea-45c8-4c67-a895-92f9a58fa490
photobyroyan.com,2026-08-20T00:00:00Z,2027-02-16T00:00:00Z,https://app.sekoia.io/intelligence/public/objects/indicator--4d17ac1a-500e-4b63-98fc-2bf85f7b828d
launchingramps.com,2026-08-29T00:00:00Z,2026-12-15T00:00:00Z,https://app.sekoia.io/intelligence/public/objects/indicator--2d27cbfa-a576-44de-b47f-df17eb38354d
ilaumachque.com,2026-08-20T00:00:00Z,2027-02-16T00:00:00Z,https://app.sekoia.io/intelligence/public/objects/indicator--cf7f79bf-e23c-4cd3-aa8b-06a9d4b76099
hanbayjewellery.com,2026-08-20T00:00:00Z,2027-02-16T00:00:00Z,https://app.sekoia.io/intelligence/public/objects/indicator--8cf81ef6-d0b8-457c-88f1-92ad252cee4a
flarclod.top,2026-08-13T00:00:00Z,2027-02-09T00:00:00Z,https://app.sekoia.io/intelligence/public/objects/indicator--665f9940-415a-4ded-a271-059be356fb4d
scribblebubblebibi.top,2026-08-17T00:00:00Z,2026-11-15T00:00:00Z,https://app.sekoia.io/intelligence/public/objects/indicator--0504bed8-edd8-4ce0-afb2-7e9521694f1f
airduct1.com,2026-08-20T00:00:00Z,2027-02-16T00:00:00Z,https://app.sekoia.io/intelligence/public/objects/indicator--2094184b-1181-432c-b37f-b3836ce54497
clickzona.net,2026-08-14T00:00:00Z,2027-02-10T00:00:00Z,https://app.sekoia.io/intelligence/public/objects/indicator--ed10df09-2531-4147-95ac-2bbc349342de
maidsradar.com,2026-08-20T00:00:00Z,2027-02-16T00:00:00Z,https://app.sekoia.io/intelligence/public/objects/indicator--93d8b5c1-eabd-4a4e-b3cc-85e19e9793af
redwing-max.biz,2026-08-29T00:00:00Z,2026-12-13T00:00:00Z,https://app.sekoia.io/intelligence/public/objects/indicator--b909127c-ad4d-47e2-b720-a92a20e397e0
boardgamepix.com,2026-08-20T00:00:00Z,2027-02-16T00:00:00Z,https://app.sekoia.io/intelligence/public/objects/indicator--d463bcfd-c283-413b-90ca-3041aed421c0
socialseoguru.com,2026-08-20T00:00:00Z,2027-02-16T00:00:00Z,https://app.sekoia.io/intelligence/public/objects/indicator--8d40b97a-a01c-47dd-871f-2cc713f7adea
tamilarnews.com,2026-08-20T00:00:00Z,2027-02-16T00:00:00Z,https://app.sekoia.io/intelligence/public/objects/indicator--bfc8f1f1-1a6e-4be6-adf4-6990e77fee82
jouncepopdownloadnow.com,2026-08-24T00:00:00Z,2026-11-29T00:00:00Z,https://app.sekoia.io/intelligence/public/objects/indicator--d8f42f3f-1a7b-45c1-ab39-96ec00ca406c
di-il.com,2026-08-20T00:00:00Z,2027-02-16T00:00:00Z,https://app.sekoia.io/intelligence/public/objects/indicator--9f966437-5c9d-4b01-abc5-2d484310f11b
suveniricrnagora.com,2026-08-20T00:00:00Z,2027-02-16T00:00:00Z,https://app.sekoia.io/intelligence/public/objects/indicator--49d53bdb-a512-49fd-9893-7392bd954267
annamaclean.com,2026-08-29T00:00:00Z,2026-12-13T00:00:00Z,https://app.sekoia.io/intelligence/public/objects/indicator--5b33f2a2-445f-4117-afb0-02737620bea9
breadcabin.com,2026-08-20T00:00:00Z,2027-02-16T00:00:00Z,https://app.sekoia.io/intelligence/public/objects/indicator--58995c07-3a70-40a6-8a25-8df071a384dc
islamjamal.com,2026-08-20T00:00:00Z,2027-02-16T00:00:00Z,https://app.sekoia.io/intelligence/public/objects/indicator--d9bf812b-6233-4c98-a826-bb7148873ea5
gardelectricalcontracting.com,2026-08-20T00:00:00Z,2027-02-16T00:00:00Z,https://app.sekoia.io/intelligence/public/objects/indicator--5f1614bd-2c1a-47f9-8cbe-a0f38cce2334
bluemountainloan.com,2026-08-20T00:00:00Z,2027-02-16T00:00:00Z,https://app.sekoia.io/intelligence/public/objects/indicator--bb7cee76-2dee-4275-84da-a9f126a32ab1
familyonlinestore.com,2026-08-29T00:00:00Z,2026-12-13T00:00:00Z,https://app.sekoia.io/intelligence/public/objects/indicator--e030e166-7e29-42b9-a468-03ee48ae8413
cloudflare-check.net,2026-08-17T00:00:00Z,2026-11-22T00:00:00Z,https://app.sekoia.io/intelligence/public/objects/indicator--81694b98-a601-48fd-9ea1-791bbb8abade
straighteightlogistics.com,2026-08-20T00:00:00Z,2027-02-16T00:00:00Z,https://app.sekoia.io/intelligence/public/objects/indicator--34462bb3-11a0-4578-a75a-ea14ebaac3a5
asiana-online.com,2026-08-29T00:00:00Z,2026-12-13T00:00:00Z,https://app.sekoia.io/intelligence/public/objects/indicator--fd24ea1f-6aae-4f67-8dbb-71085d19d7c0
starbreezehvac.com,2026-08-29T00:00:00Z,2026-12-13T00:00:00Z,https://app.sekoia.io/intelligence/public/objects/indicator--dba183c7-bd4d-4c6c-9b8a-6313a59e0caa
safetybygrace.com,2026-08-29T00:00:00Z,2026-12-13T00:00:00Z,https://app.sekoia.io/intelligence/public/objects/indicator--b900582f-6825-4ec4-9107-41058408c1b2
kawaiininjaclub.cfd,2026-08-31T00:00:00Z,2026-11-29T00:00:00Z,https://app.sekoia.io/intelligence/public/objects/indicator--eac02247-654f-4bc3-ad57-c4a3d56a9841
searlepub.com,2026-08-24T00:00:00Z,2026-11-22T00:00:00Z,https://app.sekoia.io/intelligence/public/objects/indicator--a388833b-74c6-4189-889f-40bd7b3f8ab7
premiumfastloans.com,2026-08-20T00:00:00Z,2027-02-16T00:00:00Z,https://app.sekoia.io/intelligence/public/objects/indicator--ecd88126-443a-4b52-9e8d-8fe42f5c95b2
washingtondc-plumbing.com,2026-08-20T00:00:00Z,2027-02-16T00:00:00Z,https://app.sekoia.io/intelligence/public/objects/indicator--5b24a8b6-1319-4e11-a029-c3b97e589b3b
ploutouscapitalus.com,2026-08-20T00:00:00Z,2027-02-16T00:00:00Z,https://app.sekoia.io/intelligence/public/objects/indicator--9a0376d8-b52f-40c7-a072-8faa039a230b
plumber-charlotte.com,2026-08-20T00:00:00Z,2027-02-16T00:00:00Z,https://app.sekoia.io/intelligence/public/objects/indicator--3a2f9d41-de20-4105-a423-d9e1bec349d0
lewdstories.com,2026-08-20T00:00:00Z,2027-02-16T00:00:00Z,https://app.sekoia.io/intelligence/public/objects/indicator--4a217727-0800-4e2b-8f5d-25a3b00e3a37
lionheadsl.com,2026-08-20T00:00:00Z,2027-02-16T00:00:00Z,https://app.sekoia.io/intelligence/public/objects/indicator--8fdf1801-90f4-4f2e-a45b-97fa6e3e1f06
dutyfrees.digital,2026-08-20T00:00:00Z,2027-02-16T00:00:00Z,https://app.sekoia.io/intelligence/public/objects/indicator--ead8230f-dab8-44e9-a0e8-1f33cf65a33e
interactivsbroker.com,2026-08-20T00:00:00Z,2027-02-16T00:00:00Z,https://app.sekoia.io/intelligence/public/objects/indicator--47b562ff-6d91-457d-ab6a-65f07a5a2826
tycoonsrow.com,2026-08-29T00:00:00Z,2026-12-13T00:00:00Z,https://app.sekoia.io/intelligence/public/objects/indicator--0f5c6981-7b3c-4ea9-a427-ee1585a0206b
virgensantisima.com,2026-08-20T00:00:00Z,2027-02-16T00:00:00Z,https://app.sekoia.io/intelligence/public/objects/indicator--e97d5d55-12f3-420b-8fe7-8846925cbc9f
betesebplus.com,2026-08-20T00:00:00Z,2027-02-16T00:00:00Z,https://app.sekoia.io/intelligence/public/objects/indicator--fe3fe003-96c0-411d-9349-adc0b49fceed
ascendpopdownloadtoday.monster,2026-08-20T00:00:00Z,2027-02-16T00:00:00Z,https://app.sekoia.io/intelligence/public/objects/indicator--0de208f5-0e27-4b44-b025-f654786ca590
wergwee.com,2026-08-20T00:00:00Z,2027-02-16T00:00:00Z,https://app.sekoia.io/intelligence/public/objects/indicator--977c34ac-1a06-49bb-b800-f273eaa81141
ustgate.com,2026-08-20T00:00:00Z,2027-02-16T00:00:00Z,https://app.sekoia.io/intelligence/public/objects/indicator--63d38f01-33a1-4e45-bf28-8d92af09d355
golftucsonarizona.com,2026-08-29T00:00:00Z,2026-12-13T00:00:00Z,https://app.sekoia.io/intelligence/public/objects/indicator--495341b2-7506-4f46-9a92-663574c0593a
arushigupta.life,2026-08-17T00:00:00Z,2026-11-22T00:00:00Z,https://app.sekoia.io/intelligence/public/objects/indicator--87f9f4c3-b274-49c0-bea2-7e76e329d1aa
amalqasehselangor.com,2026-08-29T00:00:00Z,2026-12-20T00:00:00Z,https://app.sekoia.io/intelligence/public/objects/indicator--96d02f14-8609-4743-aa8b-a84347543a34
sunnypaydayloan.com,2026-08-20T00:00:00Z,2027-02-16T00:00:00Z,https://app.sekoia.io/intelligence/public/objects/indicator--ecc08469-bb06-4225-83f4-42c315e57718
whirlpoploaderfast.com,2026-08-24T00:00:00Z,2026-11-22T00:00:00Z,https://app.sekoia.io/intelligence/public/objects/indicator--288b6194-8d23-49fd-9585-2b3778eff7d3
leosafari.com,2026-08-20T00:00:00Z,2027-02-16T00:00:00Z,https://app.sekoia.io/intelligence/public/objects/indicator--ca8eba66-ac90-40c2-9d12-03e5324f96a9
daleeby.com,2026-08-20T00:00:00Z,2027-02-16T00:00:00Z,https://app.sekoia.io/intelligence/public/objects/indicator--b43d2e7b-bfc1-46ea-9490-31ad34b2e18b
boundpopclickgetfile.monster,2026-08-17T00:00:00Z,2026-11-15T00:00:00Z,https://app.sekoia.io/intelligence/public/objects/indicator--4beb057c-5f33-44fb-9366-70705551cd4e
yuriajonesphotography.com,2026-08-20T00:00:00Z,2027-02-16T00:00:00Z,https://app.sekoia.io/intelligence/public/objects/indicator--f34217d9-e78e-4fd3-8881-5c5e5c9a65f8
lastdayornot.top,2026-08-24T00:00:00Z,2026-11-29T00:00:00Z,https://app.sekoia.io/intelligence/public/objects/indicator--a1fe747b-f717-4bbc-b43a-eaa16fda601d
solidfuelsupplier.com,2026-08-20T00:00:00Z,2027-02-16T00:00:00Z,https://app.sekoia.io/intelligence/public/objects/indicator--7ebb93dc-d0fc-4078-9cc0-ab53bde20a41
sisaradistributors.com,2026-08-20T00:00:00Z,2027-02-16T00:00:00Z,https://app.sekoia.io/intelligence/public/objects/indicator--ddd3d9e9-6550-456c-8c94-032179f5a902
pigeononpinguin.top,2026-08-29T00:00:00Z,2026-12-09T00:00:00Z,https://app.sekoia.io/intelligence/public/objects/indicator--cf88eafa-4b95-4e4c-9cdc-ce9fe5918e4f
thistle-productions.com,2026-08-20T00:00:00Z,2027-02-16T00:00:00Z,https://app.sekoia.io/intelligence/public/objects/indicator--b590cedc-7efa-4641-88b9-f451d601ec89
vydlje.com,2026-08-20T00:00:00Z,2027-02-16T00:00:00Z,https://app.sekoia.io/intelligence/public/objects/indicator--90a486e4-5e3a-4e71-80b1-30acb9006219
jumppopdownloadsecret.monster,2026-08-24T00:00:00Z,2026-11-29T00:00:00Z,https://app.sekoia.io/intelligence/public/objects/indicator--9a5348ed-b0a2-4753-adc4-9ce579e0d846
lyxorgbs.com,2026-08-20T00:00:00Z,2027-02-16T00:00:00Z,https://app.sekoia.io/intelligence/public/objects/indicator--072599a0-17a8-44ad-a56a-338f7aab8a4d
id-ll.com,2026-08-31T00:00:00Z,2026-12-20T00:00:00Z,https://app.sekoia.io/intelligence/public/objects/indicator--1c81cf83-be7c-41f0-a522-3e0c81aa1846
medfinadvisory.com,2026-08-29T00:00:00Z,2026-12-20T00:00:00Z,https://app.sekoia.io/intelligence/public/objects/indicator--689a2784-ae2c-4879-be68-9da0a8d091fa
65.21.208.199,2026-08-29T00:00:00Z,2026-10-01T00:00:00Z,https://app.sekoia.io/intelligence/public/objects/indicator--142d11ad-4119-4f3f-984c-dedd4360e3f1
91.92.43.245,2026-08-29T00:00:00Z,2026-10-01T00:00:00Z,https://app.sekoia.io/intelligence/public/objects/indicator--007bd90b-c560-4459-b950-aac4aa450930
85.239.149.13,2026-08-29T00:00:00Z,2026-09-27T00:00:00Z,https://app.sekoia.io/intelligence/public/objects/indicator--bf40986b-daab-4be3-b179-dbdc8d2666a4
91.92.33.156,2026-08-29T00:00:00Z,2026-09-26T00:00:00Z,https://app.sekoia.io/intelligence/public/objects/indicator--b7fcf6d5-48fc-4a93-9556-5e9616d74ecb
31.76.31.28,2026-08-12T00:00:00Z,2026-09-21T00:00:00Z,https://app.sekoia.io/intelligence/public/objects/indicator--92625916-7b07-4644-87a8-be6ce175e1d4
85.239.144.195,2026-08-29T00:00:00Z,2026-09-27T00:00:00Z,https://app.sekoia.io/intelligence/public/objects/indicator--eae4b04d-53e0-47a5-9253-3cd75357c03f
85.239.149.14,2026-08-29T00:00:00Z,2026-09-27T00:00:00Z,https://app.sekoia.io/intelligence/public/objects/indicator--97f19b3f-6abd-4b7e-9325-d5ba1f7d15fc
65.21.18.60,2026-08-29T00:00:00Z,2026-09-24T00:00:00Z,https://app.sekoia.io/intelligence/public/objects/indicator--c8897cb5-4138-48c2-bb14-8411ee27125e
2.27.5.165,2026-08-29T00:00:00Z,2026-09-08T00:00:00Z,https://app.sekoia.io/intelligence/public/objects/indicator--852129cd-c6d8-4ce6-94e1-17df6342a635
93.152.223.161,2026-08-29T00:00:00Z,2026-10-01T00:00:00Z,https://app.sekoia.io/intelligence/public/objects/indicator--90106364-b1aa-4207-80a0-dbd6a5f82378
193.41.68.196,2026-07-26T00:00:00Z,2026-09-04T00:00:00Z,https://app.sekoia.io/intelligence/public/objects/indicator--2e1811f8-bdf0-4fbf-a9dd-ed4d225714d2
31.77.228.46,2026-08-20T00:00:00Z,2026-09-19T00:00:00Z,https://app.sekoia.io/intelligence/public/objects/indicator--87a927cc-309f-47e6-85c2-5e33073cbdf3
